{"C":[[1.8746501451383102e-11,-1.4191259748331942e-12],[-1.4191259748331942e-12,1.8760352287360533e-11]],"L":[[5.969424307186195e-07,4.5155682363363776e-08],[4.5155682363363776e-08,5.965017059620048e-07]]}